Word,TF-IDF_Score
"人工智能",0.108729
"环境保护",0.079217
"深度",0.054364
"模型",0.054364
"计算",0.054364
"现象",0.044719
"反映",0.044719
"人类文明",0.044719
"演进",0.044719
"传统习俗",0.044719
"现代",0.044719
"潮流",0.044719
"丰富",0.044719
"社交",0.044719
"媒体",0.044719
"流行",0.044719
"改革",0.044719
"社区",0.044719
"方面",0.044719
"最新",0.044719
"趋势",0.044719
"文化交流",0.044719
"身份",0.044719
"认同",0.044719
"价值观",0.044719
"变迁",0.044719
"数字",0.044719
"时代",0.044719
"传承",0.044719
"多重",0.039608
"贸易",0.039608
"关系",0.039608
"地缘",0.039608
"技术创新",0.039608
"行为",0.039608
"深刻影响",0.039608
"当前",0.039608
"形势",0.039608
"包括",0.039608
"通货膨胀",0.039608
"利率政策",0.039608
"供应链",0.039608
"韧性",0.039608
"新兴",0.039608
"增长",0.039608
"潜力",0.039608
"数字化",0.039608
"转型",0.039608
"传统产业",0.039608
"冲击",0.039608
"赋能",0.039608
"决策",0.039608
"日益",0.039608
"共同",0.039608
"责任",0.039608
"气候变化",0.039608
"生物",0.039608
"丧失",0.039608
"枯竭",0.039608
"地球",0.039608
"生态系统",0.039608
"构成",0.039608
"严重威胁",0.039608
"再生能源",0.039608
"循环",0.039608
"污染",0.039608
"防治",0.039608
"生态",0.039608
"修复",0.039608
"关键",0.039608
"议题",0.039608
"制定",0.039608
"参与",0.039608
"应对",0.039608
"关键作用",0.039608
"展望",0.039608
"绿色",0.039608
"生活",0.039608
"科技前沿",0.027182
"这是",0.027182
"机器",0.027182
"领域",0.027182
"最新进展",0.027182
"图像识别",0.027182
"自然语言",0.027182
"神经网络",0.027182
"数据分析",0.027182
"预测",0.027182
"重要",0.027182
"文章",0.027182
"涵盖",0.027182
"边缘",0.027182
"如何",0.027182
"促进",0.027182
"可能",0.027182
"优化",0.027182
"算法",0.027182
"提到",0.027182
"医疗",0.027182
"金融",0.027182
